Catalog ID,Sort Title,Title,Year,Director,Country,Runtime (min),Studio/Distributor,Edition,Disc Format,Disc Count,Resolution,Aspect Ratio,HDR10,HDR10+,Dolby Vision,Dolby Atmos,DTS:X,Audio,Subtitles,Cut,Boutique Label,Franchise/Collection,Notes,Verification Status,Source Reference,Last Updated,Director (Verified/Researched),Runtime (min) – researched,Studio/Distributor – researched,Rotten Tomatoes – critics %,RT status/date,HDR10 – normalized,HDR10+ – normalized,Dolby Vision – normalized,Dolby Atmos – normalized,DTS:X – normalized,5.1 Audio – normalized,Spoiler-Free Plot Summary,Wikipedia Source
MC-0001,1917,1917,2019.0,Sam Mendes,,119.0,Universal Pictures,4K Ultra HD + Blu-ray,UHD 4K / Blu-ray,,,,,,,,,,,,,,,Title/edition identified from uploaded photos; technical fields pending close back-cover verification,Conversation image files (274 total),2026-07-18,Sam Mendes,119.0,Universal Pictures,88.0,Current reference value; scores may change,Needs back-cover confirmation,Unknown,Unknown,Unknown,Unknown,Unknown,"During the First World War, two young British soldiers race across hostile territory to deliver a message that could prevent a devastating attack.",https://en.wikipedia.org/wiki/1917_(2019_film)
MC-0002,"40-Year-Old Virgin, The",The 40-Year-Old Virgin,2005.0,Judd Apatow,,116.0,Universal Pictures,,,,,,,,,,,,,,,,,Title/edition identified from uploaded photos; technical fields pending close back-cover verification,Conversation image files (274 total),2026-07-18,Judd Apatow,116.0,Universal Pictures,85.0,Current reference value; scores may change,No/Not applicable,No/Not applicable,No/Not applicable,No/Not applicable,No/Not applicable,Unknown,"A shy electronics-store employee is pushed by his well-meaning coworkers to enter the dating world, with awkward and unexpectedly heartfelt results.",https://en.wikipedia.org/wiki/The_40-Year-Old_Virgin
MC-0003,Air,Air,2023.0,Ben Affleck,,112.0,Amazon Studios / Warner Bros.,,,,,,,,,,,,,,,,,Title/edition identified from uploaded photos; technical fields pending close back-cover verification,Conversation image files (274 total),2026-07-18,Ben Affleck,112.0,Amazon Studios / Warner Bros.,93.0,Current reference value; scores may change,No/Not applicable,No/Not applicable,No/Not applicable,No/Not applicable,No/Not applicable,Unknown,"A sports-marketing executive takes a bold gamble on an unproven basketball prospect, hoping to transform both a struggling division and the athlete-brand partnership.",https://en.wikipedia.org/wiki/Air_(2023_film)
MC-0004,Akira,Akira,1988.0,Katsuhiro Otomo,,124.0,Toho / Streamline Pictures,Steelbook,UHD 4K,,,,,,,,,,,,,,,Title/edition identified from uploaded photos; technical fields pending close back-cover verification,Conversation image files (274 total),2026-07-18,Katsuhiro Otomo,124.0,Toho / Streamline Pictures,91.0,Current reference value; scores may change,Needs back-cover confirmation,Unknown,Unknown,Unknown,Unknown,Unknown,"In a turbulent future Tokyo, a biker gang is drawn into a secret government experiment when one member develops dangerous psychic abilities.",https://en.wikipedia.org/wiki/Akira_(1988_film)
MC-0005,Alfred Hitchcock Classics Collection,Alfred Hitchcock Classics Collection,,Various,,,,,,,,,,,,,,,,,,,,Title/edition identified from uploaded photos; technical fields pending close back-cover verification,Conversation image files (274 total),2026-07-18,Various,,,,N/A – collection/series,No/Not applicable,No/Not applicable,No/Not applicable,No/Not applicable,No/Not applicable,Unknown,"A collection of suspense films showcasing Alfred Hitchcock’s signature blend of psychological tension, mystery, dark humour, and meticulous visual storytelling.",https://en.wikipedia.org/w/index.php?search=Alfred%2BHitchcock%2BClassics%2BCollection
MC-0006,Alfred Hitchcock: The Masterpiece Collection,Alfred Hitchcock: The Masterpiece Collection,,Various,,,,,,,,,,,,,,,,,,,,Title/edition identified from uploaded photos; technical fields pending close back-cover verification,Conversation image files (274 total),2026-07-18,Various,,,,N/A – collection/series,No/Not applicable,No/Not applicable,No/Not applicable,No/Not applicable,No/Not applicable,Unknown,"A broad anthology of Alfred Hitchcock films spanning celebrated thrillers, mysteries, and darkly comic tales of obsession, suspicion, and danger.",https://en.wikipedia.org/w/index.php?search=Alfred%2BHitchcock%3A%2BThe%2BMasterpiece%2BCollection
MC-0007,Alien,Alien,1979.0,Ridley Scott,,116.0,20th Century Fox,,UHD 4K / Blu-ray,,,,,,,,,,,,,,,Title/edition identified from uploaded photos; technical fields pending close back-cover verification,Conversation image files (274 total),2026-07-18,Ridley Scott,116.0,20th Century Fox,93.0,Current reference value; scores may change,Needs back-cover confirmation,Unknown,Unknown,Unknown,Unknown,Unknown,The crew of a commercial spacecraft answers a mysterious distress signal and encounters a terrifying life-form aboard their vessel.,https://en.wikipedia.org/wiki/Alien_(film)
MC-0008,Alien: Romulus,Alien: Romulus,2024.0,Fede Álvarez,,119.0,20th Century Studios,,UHD 4K / Blu-ray,,,,,,,,,,,,,,,Title/edition identified from uploaded photos; technical fields pending close back-cover verification,Conversation image files (274 total),2026-07-18,Fede Álvarez,119.0,20th Century Studios,80.0,Current reference value; scores may change,Needs back-cover confirmation,Unknown,Unknown,Unknown,Unknown,Unknown,A group of young colonists exploring an abandoned space station discovers that something deadly is still lurking within it.,https://en.wikipedia.org/wiki/Alien:_Romulus
MC-0009,Aliens,Aliens,1986.0,James Cameron,,137.0,20th Century Fox,,UHD 4K / Blu-ray,,,,,,,,,,,,,,,Title/edition identified from uploaded photos; technical fields pending close back-cover verification,Conversation image files (274 total),2026-07-18,James Cameron,137.0,20th Century Fox,93.0,Current reference value; scores may change,Needs back-cover confirmation,Unknown,Unknown,Unknown,Unknown,Unknown,"Years after surviving a deadly encounter in deep space, Ellen Ripley joins a military expedition to investigate a colony that has suddenly gone silent.",https://en.wikipedia.org/wiki/Aliens_(film)
MC-0010,American Psycho,American Psycho,2000.0,Mary Harron,,102.0,Lions Gate Films,,,,,,,,,,,,,,,,,Title/edition identified from uploaded photos; technical fields pending close back-cover verification,Conversation image files (274 total),2026-07-18,Mary Harron,102.0,Lions Gate Films,69.0,Current reference value; scores may change,No/Not applicable,No/Not applicable,No/Not applicable,No/Not applicable,No/Not applicable,Unknown,"A wealthy New York investment banker maintains a polished public image while becoming increasingly consumed by vanity, status, and violent impulses.",https://en.wikipedia.org/wiki/American_Psycho_(film)
MC-0011,Argo,Argo,2012.0,Ben Affleck,,120.0,Warner Bros.,,,,,,,,,,,,,,,,,Title/edition identified from uploaded photos; technical fields pending close back-cover verification,Conversation image files (274 total),2026-07-18,Ben Affleck,120.0,Warner Bros.,96.0,Current reference value; scores may change,No/Not applicable,No/Not applicable,No/Not applicable,No/Not applicable,No/Not applicable,Unknown,"During the Iran hostage crisis, a CIA specialist devises an improbable Hollywood cover story to rescue six Americans hiding in Tehran.",https://en.wikipedia.org/wiki/Argo_(2012_film)
MC-0012,Avatar,Avatar,2009.0,James Cameron,,162.0,20th Century Fox,,UHD 4K / Blu-ray,,,,,,,,,,,,,,,Title/edition identified from uploaded photos; technical fields pending close back-cover verification,Conversation image files (274 total),2026-07-18,James Cameron,162.0,20th Century Fox,81.0,Current reference value; scores may change,Needs back-cover confirmation,Unknown,Unknown,Unknown,Unknown,Unknown,A former Marine sent to a distant moon becomes torn between his mission and the Indigenous people whose world he has come to understand.,https://en.wikipedia.org/wiki/Avatar_(2009_film)
MC-0013,Avatar: The Way of Water,Avatar: The Way of Water,2022.0,James Cameron,,192.0,20th Century Studios,,UHD 4K / Blu-ray,,,,,,,,,,,,,,,Title/edition identified from uploaded photos; technical fields pending close back-cover verification,Conversation image files (274 total),2026-07-18,James Cameron,192.0,20th Century Studios,76.0,Current reference value; scores may change,Needs back-cover confirmation,Unknown,Unknown,Unknown,Unknown,Unknown,The Sully family seeks refuge among an ocean-dwelling clan while a renewed threat forces them to protect their home and one another.,https://en.wikipedia.org/wiki/Avatar:_The_Way_of_Water
MC-0014,Back to the Future Trilogy,Back to the Future Trilogy,,,,,,Steelbook collection,UHD 4K / Blu-ray,,,,,,,,,,,,,,,Title/edition identified from uploaded photos; technical fields pending close back-cover verification,Conversation image files (274 total),2026-07-18,,,,,Pending verification,No/Not applicable,No/Not applicable,No/Not applicable,No/Not applicable,No/Not applicable,Unknown,"A teenager and an eccentric inventor travel through different eras, repeatedly trying to repair disruptions to their family, friendships, and future.",https://en.wikipedia.org/w/index.php?search=Back%2Bto%2Bthe%2BFuture%2BTrilogy
MC-0015,Batman Begins,Batman Begins,2005.0,Christopher Nolan,,140.0,Warner Bros.,,UHD 4K / Blu-ray,,,,,,,,,,,,,,,Title/edition identified from uploaded photos; technical fields pending close back-cover verification,Conversation image files (274 total),2026-07-18,Christopher Nolan,140.0,Warner Bros.,85.0,Current reference value; scores may change,Needs back-cover confirmation,Unknown,Unknown,Unknown,Unknown,Unknown,"After years of training, Bruce Wayne returns to Gotham City and creates a masked identity to fight fear, corruption, and organized crime.",https://en.wikipedia.org/wiki/Batman_Begins
MC-0016,"Batman, The",The Batman,2022.0,Matt Reeves,,176.0,Warner Bros.,,UHD 4K / Blu-ray,,,,,,,,,,,,,,,Title/edition identified from uploaded photos; technical fields pending close back-cover verification,Conversation image files (274 total),2026-07-18,Matt Reeves,176.0,Warner Bros.,85.0,Current reference value; scores may change,Needs back-cover confirmation,Unknown,Unknown,Unknown,Unknown,Unknown,A young Batman investigates a series of cryptic murders that expose deep corruption within Gotham City and challenge his understanding of justice.,https://en.wikipedia.org/wiki/The_Batman_(film)
MC-0017,Beetlejuice,Beetlejuice,1988.0,Tim Burton,,92.0,Warner Bros.,,UHD 4K / Blu-ray,,,,,,,,,,,,,,,Title/edition identified from uploaded photos; technical fields pending close back-cover verification,Conversation image files (274 total),2026-07-18,Tim Burton,92.0,Warner Bros.,83.0,Current reference value; scores may change,Needs back-cover confirmation,Unknown,Unknown,Unknown,Unknown,Unknown,"A recently deceased couple tries to remove the new occupants of their home, but their reckless supernatural helper creates far more chaos than expected.",https://en.wikipedia.org/wiki/Beetlejuice
MC-0018,"Big Lebowski, The",The Big Lebowski,1998.0,Joel Coen,,117.0,Gramercy Pictures / Universal,,UHD 4K / Blu-ray,,,,,,,,,,,,,,,Title/edition identified from uploaded photos; technical fields pending close back-cover verification,Conversation image files (274 total),2026-07-18,Joel Coen,117.0,Gramercy Pictures / Universal,80.0,Current reference value; scores may change,Needs back-cover confirmation,Unknown,Unknown,Unknown,Unknown,Unknown,A laid-back bowler is mistaken for a wealthy businessman and becomes entangled in a bizarre kidnapping scheme involving an eccentric cast of characters.,https://en.wikipedia.org/wiki/The_Big_Lebowski
MC-0019,Blade Runner,Blade Runner,1982.0,Ridley Scott,,117.0,Warner Bros.,,UHD 4K / Blu-ray,,,,,,,,,,,,,,,Title/edition identified from uploaded photos; technical fields pending close back-cover verification,Conversation image files (274 total),2026-07-18,Ridley Scott,117.0,Warner Bros.,89.0,Current reference value; scores may change,Needs back-cover confirmation,Unknown,Unknown,Unknown,Unknown,Unknown,A weary detective in a rain-soaked future Los Angeles is assigned to hunt down artificial humans who have illegally returned to Earth.,https://en.wikipedia.org/wiki/Blade_Runner
MC-0020,Blade Runner 2049,Blade Runner 2049,2017.0,Denis Villeneuve,,164.0,Warner Bros. / Sony Pictures,,UHD 4K / Blu-ray,,,,,,,,,,,,,,,Title/edition identified from uploaded photos; technical fields pending close back-cover verification,Conversation image files (274 total),2026-07-18,Denis Villeneuve,164.0,Warner Bros. / Sony Pictures,88.0,Current reference value; scores may change,Needs back-cover confirmation,Unknown,Unknown,Unknown,Unknown,Unknown,A new blade runner uncovers a long-buried secret that could destabilize society and leads him to search for a former investigator.,https://en.wikipedia.org/wiki/Blade_Runner_2049
MC-0021,Blazing Saddles,Blazing Saddles,1974.0,Mel Brooks,,93.0,Warner Bros.,,,,,,,,,,,,,,,,,Title/edition identified from uploaded photos; technical fields pending close back-cover verification,Conversation image files (274 total),2026-07-18,Mel Brooks,93.0,Warner Bros.,89.0,Current reference value; scores may change,No/Not applicable,No/Not applicable,No/Not applicable,No/Not applicable,No/Not applicable,Unknown,"A corrupt politician appoints a Black sheriff to undermine a frontier town, but the new lawman proves cleverer and more determined than expected.",https://en.wikipedia.org/wiki/Blazing_Saddles
MC-0022,Collateral,Collateral,2004.0,Michael Mann,,120.0,DreamWorks / Paramount,,UHD 4K / Blu-ray,,,,,,,,,,,,,,,Title/edition identified from uploaded photos; technical fields pending close back-cover verification,Conversation image files (274 total),2026-07-18,Michael Mann,120.0,DreamWorks / Paramount,86.0,Current reference value; scores may change,Needs back-cover confirmation,Unknown,Unknown,Unknown,Unknown,Unknown,A Los Angeles taxi driver discovers that his passenger is a contract killer and is forced to drive him from one target to the next.,https://en.wikipedia.org/wiki/Collateral_(film)
MC-0023,"Dark Knight Rises, The",The Dark Knight Rises,2012.0,Christopher Nolan,,152.0,Warner Bros.,,UHD 4K / Blu-ray,,,,,,,,,,,,,,,Title/edition identified from uploaded photos; technical fields pending close back-cover verification,Conversation image files (274 total),2026-07-18,Christopher Nolan,152.0,Warner Bros.,94.0,Current reference value; scores may change,Needs back-cover confirmation,Unknown,Unknown,Unknown,Unknown,Unknown,"Batman, Gordon, and Harvey Dent confront a criminal mastermind whose campaign of chaos tests Gotham’s institutions and the limits of heroism.",https://en.wikipedia.org/wiki/The_Dark_Knight
MC-0024,"Dark Knight, The",The Dark Knight,2008.0,Christopher Nolan,,165.0,Warner Bros.,,UHD 4K / Blu-ray,,,,,,,,,,,,,,,Title/edition identified from uploaded photos; technical fields pending close back-cover verification,Conversation image files (274 total),2026-07-18,Christopher Nolan,165.0,Warner Bros.,87.0,Current reference value; scores may change,Needs back-cover confirmation,Unknown,Unknown,Unknown,Unknown,Unknown,"Years after disappearing, Bruce Wayne returns as Batman when a ruthless revolutionary threatens to destroy Gotham City.",https://en.wikipedia.org/wiki/The_Dark_Knight_Rises
MC-0025,Deadpool & Wolverine,Deadpool & Wolverine,2024.0,David Leitch,,119.0,20th Century Fox,,UHD 4K / Blu-ray,,,,,,,,,,,,,,,Title/edition identified from uploaded photos; technical fields pending close back-cover verification,Conversation image files (274 total),2026-07-18,David Leitch,119.0,20th Century Fox,84.0,Current reference value; scores may change,Needs back-cover confirmation,Unknown,Unknown,Unknown,Unknown,Unknown,The irreverent mercenary forms an unlikely team to protect a troubled young mutant from a time-travelling soldier.,https://en.wikipedia.org/wiki/Deadpool_2
MC-0026,Deadpool 2,Deadpool 2,2018.0,Shawn Levy,,128.0,Walt Disney Studios / Marvel,,UHD 4K / Blu-ray,,,,,,,,,,,,,,,Title/edition identified from uploaded photos; technical fields pending close back-cover verification,Conversation image files (274 total),2026-07-18,Shawn Levy,128.0,Walt Disney Studios / Marvel,78.0,Current reference value; scores may change,Needs back-cover confirmation,Unknown,Unknown,Unknown,Unknown,Unknown,Deadpool is pulled into a high-stakes mission that forces him to work alongside a reluctant Wolverine from another reality.,https://en.wikipedia.org/wiki/Deadpool_%26_Wolverine
MC-0027,Despicable Me 4,Despicable Me 4,2024.0,Chris Renaud,,95.0,Universal Pictures,,UHD 4K / Blu-ray,,,,,,,,,,,,,,,Title/edition identified from uploaded photos; technical fields pending close back-cover verification,Conversation image files (274 total),2026-07-18,Chris Renaud,95.0,Universal Pictures,56.0,Current reference value; scores may change,Needs back-cover confirmation,Unknown,Unknown,Unknown,Unknown,Unknown,Gru and his family face a new enemy while adjusting to another major change in their increasingly chaotic household.,https://en.wikipedia.org/wiki/Despicable_Me_4
MC-0028,"Devil Wears Prada, The",The Devil Wears Prada,2006.0,David Frankel,,109.0,20th Century Fox,,,,,,,,,,,,,,,,,Title/edition identified from uploaded photos; technical fields pending close back-cover verification,Conversation image files (274 total),2026-07-18,David Frankel,109.0,20th Century Fox,75.0,Current reference value; scores may change,No/Not applicable,No/Not applicable,No/Not applicable,No/Not applicable,No/Not applicable,Unknown,An aspiring journalist becomes assistant to a powerful fashion editor and discovers that succeeding in the glamorous industry comes at a personal cost.,https://en.wikipedia.org/wiki/The_Devil_Wears_Prada_(film)
MC-0029,District 9,District 9,2009.0,Neill Blomkamp,,112.0,Sony Pictures,,,,,,,,,,,,,,,,,Title/edition identified from uploaded photos; technical fields pending close back-cover verification,Conversation image files (274 total),2026-07-18,Neill Blomkamp,112.0,Sony Pictures,90.0,Current reference value; scores may change,No/Not applicable,No/Not applicable,No/Not applicable,No/Not applicable,No/Not applicable,Unknown,A government agent overseeing an alien refugee camp is exposed to a strange substance that transforms his understanding of the displaced visitors.,https://en.wikipedia.org/wiki/District_9
MC-0030,Dredd,Dredd,2012.0,Pete Travis,,95.0,Lionsgate,,UHD 4K / Blu-ray,,,,,,,,,,,,,,,Title/edition identified from uploaded photos; technical fields pending close back-cover verification,Conversation image files (274 total),2026-07-18,Pete Travis,95.0,Lionsgate,80.0,Current reference value; scores may change,Needs back-cover confirmation,Unknown,Unknown,Unknown,Unknown,Unknown,"In a violent megacity, a veteran law officer and a rookie become trapped in a tower controlled by a ruthless drug lord.",https://en.wikipedia.org/wiki/Dredd
MC-0031,Dune,Dune,2021.0,Denis Villeneuve,,155.0,Warner Bros.,,UHD 4K / Blu-ray,,,,,,,,,,,,,,,Title/edition identified from uploaded photos; technical fields pending close back-cover verification,Conversation image files (274 total),2026-07-18,Denis Villeneuve,155.0,Warner Bros.,83.0,Current reference value; scores may change,Needs back-cover confirmation,Unknown,Unknown,Unknown,Unknown,Unknown,A gifted young heir travels to a dangerous desert planet where rival houses battle over the universe’s most valuable resource.,https://en.wikipedia.org/wiki/Dune_(2021_film)
MC-0032,Dune: Part Two,Dune: Part Two,2024.0,Denis Villeneuve,,166.0,Warner Bros.,,UHD 4K / Blu-ray,,,,,,,,,,,,,,,Title/edition identified from uploaded photos; technical fields pending close back-cover verification,Conversation image files (274 total),2026-07-18,Denis Villeneuve,166.0,Warner Bros.,92.0,Current reference value; scores may change,Needs back-cover confirmation,Unknown,Unknown,Unknown,Unknown,Unknown,"Paul Atreides joins the Fremen and faces a choice between personal love, political power, and a future he fears he may unleash.",https://en.wikipedia.org/wiki/Dune:_Part_Two
MC-0033,Dunkirk,Dunkirk,2017.0,Christopher Nolan,,106.0,Warner Bros.,,UHD 4K / Blu-ray,,,,,,,,,,,,,,,Title/edition identified from uploaded photos; technical fields pending close back-cover verification,Conversation image files (274 total),2026-07-18,Christopher Nolan,106.0,Warner Bros.,92.0,Current reference value; scores may change,Needs back-cover confirmation,Unknown,Unknown,Unknown,Unknown,Unknown,Allied soldiers trapped on the beaches of Dunkirk struggle for survival as military and civilian vessels attempt a desperate evacuation.,https://en.wikipedia.org/wiki/Dunkirk_(2017_film)
MC-0034,E.T. the Extra-Terrestrial,E.T. the Extra-Terrestrial,1982.0,Steven Spielberg,,115.0,Universal Pictures,Canadian bilingual 4K Ultra HD + Blu-ray,UHD 4K / Blu-ray,,Yes,No indication,Yes,No indication,Yes,English DTS:X; additional Dolby/DTS tracks listed on package,Yes,English DTS:X; English DTS 2.0; French/Spanish DTS 5.1,"English SDH, French, Spanish",,,"Back cover confirms 4K UHD + Blu-ray, HDR, Dolby Vision and DTS:X. Over four hours of bonus features.",Verified from uploaded back cover,Back cover photo image-1784417613511.jpg,2026-07-18,2026-07-18,Steven Spielberg,115.0,Universal Pictures,99.0,Current reference value; scores may change,Yes,No indication,Yes,No indication,Yes,Yes,A lonely child befriends a gentle alien stranded on Earth and tries to help him return home before authorities intervene.,https://en.wikipedia.org/wiki/E.T._the_Extra-Terrestrial
MC-0035,Earth: The Biography,Earth: The Biography,2007.0,Various,,,,,,,,,,,,,,,,,,,,Title/edition identified from uploaded photos; technical fields pending close back-cover verification,Conversation image files (274 total),2026-07-18,Various,,,,N/A – collection/series,No/Not applicable,No/Not applicable,No/Not applicable,No/Not applicable,No/Not applicable,Unknown,A documentary series examining the immense geological forces that shaped Earth and continue to influence the planet’s landscapes and life.,https://en.wikipedia.org/w/index.php?search=Earth%3A%2BThe%2BBiography
MC-0036,Escape from New York,Escape from New York,1981.0,John Carpenter,,99.0,AVCO Embassy Pictures,,,,,,,,,,,,,,,,,Title/edition identified from uploaded photos; technical fields pending close back-cover verification,Conversation image files (274 total),2026-07-20,John Carpenter,99.0,AVCO Embassy Pictures,86.0,Current reference value; scores may change,No/Not applicable,No/Not applicable,No/Not applicable,No/Not applicable,No/Not applicable,Unknown,"In a dystopian future, a convicted soldier is sent into a walled prison city to rescue the President of the United States.",https://en.wikipedia.org/wiki/Escape_from_New_York
MC-0037,Everything Everywhere All at Once,Everything Everywhere All at Once,2022.0,Daniel Kwan; Daniel Scheinert,,139.0,A24,,,,,,,,,,,,,,,,,Title/edition identified from uploaded photos; technical fields pending close back-cover verification,Conversation image files (274 total),2026-07-18,Daniel Kwan; Daniel Scheinert,139.0,A24,93.0,Current reference value; scores may change,No/Not applicable,No/Not applicable,No/Not applicable,No/Not applicable,No/Not applicable,Unknown,An overwhelmed laundromat owner discovers that she must connect with alternate versions of herself to confront a threat spanning countless realities.,https://en.wikipedia.org/wiki/Everything_Everywhere_All_at_Once
MC-0038,F1 The Movie,F1 The Movie,2025.0,Joseph Kosinski,,155.0,Warner Bros. / Apple Original Films,Canadian bilingual 4K release,UHD 4K / Blu-ray,,Yes,No indication,Yes,Yes,No indication,Dolby Vision / Dolby Atmos presentation,,English Dolby Atmos/TrueHD; English descriptive audio; French (Québec); Spanish,"English SDH, French, Spanish",,,"Back cover confirms UHD + Blu-ray, Dolby Vision, Dolby Atmos and 155-minute runtime.",Verified from uploaded back cover,Back cover photo image-1784417696730.jpg,2026-07-18,2026-07-18,Joseph Kosinski,155.0,Warner Bros. / Apple Original Films,82.0,Current reference value; scores may change,Yes,No indication,Yes,Yes,No indication,Yes,A retired racing driver returns to Formula One to help a struggling team and mentor a talented but headstrong young driver.,https://en.wikipedia.org/wiki/F1_(film)
MC-0039,Ford v Ferrari,Ford v Ferrari,2019.0,James Mangold,,152.0,20th Century Fox,Ultimate Collector's Edition,UHD 4K / Blu-ray / Digital,,,,,,,Yes,,Blu-ray: DTS-HD Master Audio,,,,,,Photo verified – packaging,Conversation image files (274 total),2026-07-18,James Mangold,152.0,20th Century Fox,92.0,Current reference value; scores may change,Yes,No indication,No indication,Yes,No,Yes,An American car designer and a fearless British driver battle corporate pressure and technical limits to build a race car capable of challenging Ferrari.,https://en.wikipedia.org/wiki/Ford_v_Ferrari
MC-0040,Gabby's Dollhouse: The Movie,Gabby's Dollhouse: The Movie,2025.0,Ryan Crego,,98.0,Universal Pictures / DreamWorks Animation,Pawsome Edition – Canadian bilingual,Blu-ray,,No/Not applicable,No/Not applicable,No/Not applicable,No indication,No indication,Dolby audio tracks listed on Blu-ray package,,English Dolby TrueHD 7.1; DVS DD 2.0; French/Spanish Dolby Digital Plus 7.1,"English SDH, French, Spanish",,,Standard Blu-ray release; back cover confirms bonus features and 98-minute runtime.,Verified from uploaded back cover,Back cover photo image-1784417696730.jpg,2026-07-18,2026-07-18,Ryan Crego,98.0,Universal Pictures / DreamWorks Animation,,No Tomatometer score located,No/Not applicable,No/Not applicable,No/Not applicable,No indication,No indication,Yes,Gabby and her cat companions embark on a colourful adventure that brings the imaginative world of the dollhouse into a larger new setting.,https://en.wikipedia.org/wiki/Gabby's_Dollhouse:_The_Movie
MC-0041,"Greatest Showman, The",The Greatest Showman,2017.0,Michael Gracey,,105.0,20th Century Fox,,UHD 4K / Blu-ray,,Yes,No indication,Unknown,Yes,No indication,Dolby Atmos; additional lossless audio listed,,,,,,"Back cover confirms UHD/Blu-ray edition, HDR presentation, Dolby Atmos and digital copy.",Verified from uploaded back cover,Back cover photo image-1784417676210.jpg,2026-07-18,2026-07-18,Michael Gracey,105.0,20th Century Fox,57.0,Current reference value; scores may change,Yes,No indication,Unknown,Yes,No indication,Yes,"An ambitious showman rises from poverty by assembling a group of distinctive performers, but success strains his family and closest relationships.",https://en.wikipedia.org/wiki/The_Greatest_Showman
MC-0042,Halloween,Halloween,1978.0,John Carpenter,,91.0,Compass International Pictures,Collector's Edition,UHD 4K / Blu-ray,,Yes,No indication,Yes,Yes,No indication,Dolby Atmos; DTS-HD Master Audio 7.1/5.1 listed,,,,,,"Three-disc edition. Back cover confirms 2021 4K scan, Dolby Vision and Dolby Atmos.",Verified from uploaded back cover,Back cover photo image-1784417613511.jpg,2026-07-18,2026-07-18,John Carpenter,91.0,Compass International Pictures,96.0,Current reference value; scores may change,Yes,No indication,Yes,Yes,No indication,Yes,"A masked killer escapes confinement and returns to a quiet Illinois town, where a teenage babysitter becomes the focus of his pursuit.",https://en.wikipedia.org/wiki/Halloween_(1978_film)
MC-0043,"Ides of March, The",The Ides of March,2011.0,Christopher Nolan,,148.0,Warner Bros.,,UHD 4K / Blu-ray,,Yes,No indication,No indication,No indication,No indication,DTS-HD Master Audio / Dolby Audio tracks listed,,,,,,"Back cover confirms 4K HDR, UHD + Blu-ray and 148-minute runtime. No Dolby Vision or Atmos logo visible.",Verified from uploaded back cover,Back cover photo image-1784417676210.jpg,2026-07-18,2026-07-18,Christopher Nolan,148.0,Warner Bros.,87.0,Current reference value; scores may change,Yes,No indication,No indication,No indication,No indication,Yes,A skilled thief who steals secrets through shared dreams is offered a chance to clear his past by planting an idea in someone’s mind.,https://en.wikipedia.org/wiki/Inception
MC-0044,Inception,Inception,2010.0,Steven Spielberg,,127.0,Paramount Pictures,Canadian bilingual 4K Ultra HD + Blu-ray,UHD 4K / Blu-ray,,2160p UHD / 1080p Blu-ray,2.40:1,Yes,,No indication,No,,English DTS-HD Master Audio 5.1; French/Spanish Dolby Digital,,,,,,Photo verified – front and back packaging,image-1784391632404.jpg; image-1784391642017.jpg,2026-07-18,Steven Spielberg,127.0,Paramount Pictures,88.0,Current reference value; scores may change,No/Not applicable,No/Not applicable,No/Not applicable,No/Not applicable,No/Not applicable,Unknown,Indiana Jones searches for the Holy Grail while trying to rescue his estranged father from forces seeking the relic for themselves.,https://en.wikipedia.org/wiki/Indiana_Jones_and_the_Last_Crusade
MC-0045,Indiana Jones and the Last Crusade,Indiana Jones and the Last Crusade,1989.0,Peter Collinson,,99.0,Paramount Pictures,,,,,,,,,,,,,,,,,Title/edition identified from uploaded photos; technical fields pending close back-cover verification,Conversation image files (274 total),2026-07-18,Peter Collinson,99.0,Paramount Pictures,85.0,Current reference value; scores may change,No/Not applicable,No/Not applicable,No/Not applicable,No/Not applicable,No/Not applicable,Unknown,A charismatic criminal assembles a crew to steal a fortune in gold using an elaborate traffic-based escape plan through Turin.,https://en.wikipedia.org/wiki/The_Italian_Job_(1969_film)
MC-0046,"Italian Job, The",The Italian Job,1969.0,George Clooney,,101.0,Sony Pictures,,,,,,,,,,,,,,,,,Title/edition identified from uploaded photos; technical fields pending close back-cover verification,Conversation image files (274 total),2026-07-18,George Clooney,101.0,Sony Pictures,84.0,Current reference value; scores may change,No/Not applicable,No/Not applicable,No/Not applicable,No/Not applicable,No/Not applicable,Unknown,"An idealistic campaign aide becomes caught in a web of ambition, loyalty, and scandal during a fiercely contested presidential primary.",https://en.wikipedia.org/wiki/The_Ides_of_March_(2011_film)
MC-0047,James Bond 007: Sean Connery 6-Film Collection,James Bond 007: Sean Connery 6-Film Collection,,Various,,,,Sean Connery 6-Film Collection – Canadian bilingual,UHD 4K / Blu-ray,,Yes,No indication,Yes,Yes,No indication,Dolby Atmos; DTS-HD Master Audio logo visible,,English Dolby Atmos/TrueHD; English DTS-HD MA 2.0 Mono; descriptive audio; French/Spanish,"English, French, Spanish",,,"Back cover confirms six-film Sean Connery set, UHD + Blu-ray, Dolby Vision and Dolby Atmos.",Verified from uploaded back cover,Back cover photo image-1784417613511.jpg,2026-07-18,2026-07-18,Various,,,,N/A – collection/series,Yes,No indication,Yes,Yes,No indication,Yes,"James Bond travels the world confronting criminal organizations, elaborate conspiracies, and dangerous adversaries in Sean Connery’s six official appearances as 007.",https://en.wikipedia.org/w/index.php?search=James%2BBond%2B007%3A%2BSean%2BConnery%2B6-Film%2BCollection
MC-0048,Jaws,Jaws,1975.0,Steven Spielberg,,124.0,Universal Pictures,,UHD 4K / Blu-ray,,,,,,,,,,,,,,,Title/edition identified from uploaded photos; technical fields pending close back-cover verification,Conversation image files (274 total),2026-07-18,Steven Spielberg,124.0,Universal Pictures,97.0,Current reference value; scores may change,Needs back-cover confirmation,Unknown,Unknown,Unknown,Unknown,Unknown,"A seaside police chief, a marine biologist, and a seasoned fisherman hunt a great white shark threatening a summer resort town.",https://en.wikipedia.org/wiki/Jaws_(film)
MC-0049,Jurassic Park,Jurassic Park,1993.0,Steven Spielberg,,127.0,Universal Pictures,Canadian bilingual 4K Ultra HD + Blu-ray,UHD 4K / Blu-ray,,Yes,No indication,Unknown,No indication,Yes,DTS:X / DTS-HD Master Audio,,4K: English Dolby Atmos; Blu-ray: English DTS-HD MA 7.1; French/Spanish DTS Digital 5.1,"English SDH, French, Spanish",,,"Back cover confirms 4K HDR, UHD + Blu-ray and DTS:X. Over three hours of bonus features.",Verified from uploaded back cover,Back cover photo image-1784417676210.jpg,2026-07-18,2026-07-18,Steven Spielberg,127.0,Universal Pictures,91.0,Current reference value; scores may change,Yes,No indication,Unknown,No indication,Yes,Yes,Visitors to a revolutionary island theme park discover that cloning dinosaurs has created dangers its designers cannot fully control.,https://en.wikipedia.org/wiki/Jurassic_Park_(film)
MC-0050,King Kong,King Kong,2005.0,Peter Jackson,,187.0,Universal Pictures,Ultimate Edition / 2023 remaster,UHD 4K / Blu-ray,,Yes,No indication,Unknown,No indication,Yes,DTS:X / DTS-HD Master Audio,Yes,,,,,"Back cover confirms theatrical and extended versions, 4K HDR, UHD + Blu-ray and DTS:X.",Verified from uploaded back cover,Back cover photo image-1784417696730.jpg,2026-07-18,2026-07-18,Peter Jackson,187.0,Universal Pictures,84.0,Current reference value; scores may change,Yes,No indication,Unknown,No indication,Yes,Yes,A filmmaker’s expedition to an uncharted island discovers a giant ape whose fate becomes intertwined with a young actress.,https://en.wikipedia.org/wiki/King_Kong_(2005_film)
MC-0051,Kung Fu Panda,Kung Fu Panda,2008.0,Mark Osborne; John Stevenson,,92.0,Paramount / DreamWorks Animation,,UHD 4K / Blu-ray,,Yes,No indication,Yes,Unknown,No indication,Dolby audio formats listed; exact immersive track requires closer photo,,,,,,"Back cover confirms UHD + Blu-ray, Dolby Vision and bonus-feature collection.",Verified from uploaded back cover,Back cover photo image-1784417676210.jpg,2026-07-18,2026-07-18,Mark Osborne; John Stevenson,92.0,Paramount / DreamWorks Animation,87.0,Current reference value; scores may change,Yes,No indication,Yes,Unknown,No indication,Yes,An enthusiastic but unlikely panda is chosen to train as a kung-fu warrior and defend his valley from a powerful enemy.,https://en.wikipedia.org/wiki/Kung_Fu_Panda_(film)
MC-0052,Les Misérables,Les Misérables,2012.0,Tom Hooper,,158.0,Universal Pictures,,UHD 4K / Blu-ray,,Yes,No indication,Unknown,Yes,Yes,DTS:X / DTS-HD Master Audio; Dolby Atmos logo visible,,DTS-HD Master Audio 7.1,,,,Back cover confirms UHD + Blu-ray and multiple immersive-audio logos. Dolby Vision logo was not clearly readable.,Verified from uploaded back cover,Back cover photo image-1784417613511.jpg,2026-07-18,2026-07-18,Tom Hooper,158.0,Universal Pictures,70.0,Current reference value; scores may change,Yes,No indication,Unknown,Yes,Yes,Yes,"In 19th-century France, a former prisoner seeks redemption while a relentless inspector pursues him through years of revolution and personal sacrifice.",https://en.wikipedia.org/wiki/Les_Misérables_(2012_film)
MC-0053,Life,Life,2009.0,Various,,,,,,,,,,,,,,,,,,,,Title/edition identified from uploaded photos; technical fields pending close back-cover verification,Conversation image files (274 total),2026-07-18,Various,,,,N/A – collection/series,No/Not applicable,No/Not applicable,No/Not applicable,No/Not applicable,No/Not applicable,Unknown,"A nature documentary series exploring the extraordinary strategies animals and plants use to survive, reproduce, and adapt around the world.",https://en.wikipedia.org/w/index.php?search=Life
MC-0054,Looney Tunes Golden Collection,Looney Tunes Golden Collection,,Various,,,,,,,,,,,,,,,,,,,,Title/edition identified from uploaded photos; technical fields pending close back-cover verification,Conversation image files (274 total),2026-07-18,Various,,,,N/A – collection/series,No/Not applicable,No/Not applicable,No/Not applicable,No/Not applicable,No/Not applicable,Unknown,"A curated anthology of classic animated shorts featuring Bugs Bunny, Daffy Duck, Porky Pig, and other iconic Warner Bros. characters.",https://en.wikipedia.org/w/index.php?search=Looney%2BTunes%2BGolden%2BCollection
MC-0055,Looney Tunes Super Stars: 45 Cartoon Classics,Looney Tunes Super Stars: 45 Cartoon Classics,,,,,,,,,,,,,,,,,,,,,,Title/edition identified from uploaded photos; technical fields pending close back-cover verification,Conversation image files (274 total),2026-07-18,,,,,Pending verification,No/Not applicable,No/Not applicable,No/Not applicable,No/Not applicable,No/Not applicable,Unknown,A compilation of classic Warner Bros. animated shorts centred on the studio’s best-known comic characters and their fast-paced misadventures.,https://en.wikipedia.org/w/index.php?search=Looney%2BTunes%2BSuper%2BStars%3A%2B45%2BCartoon%2BClassics
MC-0056,"Lord of the Rings: The Fellowship of the Ring, The",The Lord of the Rings: The Fellowship of the Ring,2001.0,Peter Jackson,,178.0,New Line Cinema,Steelbook,UHD 4K,,,,,,,,,,,,,,,Title/edition identified from uploaded photos; technical fields pending close back-cover verification,Conversation image files (274 total),2026-07-18,Peter Jackson,178.0,New Line Cinema,91.0,Current reference value; scores may change,Needs back-cover confirmation,Unknown,Unknown,Unknown,Unknown,Unknown,"A young hobbit begins a perilous journey to destroy a powerful ring, accompanied by a fellowship drawn from the peoples of Middle-earth.",https://en.wikipedia.org/wiki/The_Lord_of_the_Rings:_The_Fellowship_of_the_Ring
MC-0057,"Lord of the Rings: The Return of the King, The",The Lord of the Rings: The Return of the King,2003.0,Peter Jackson,,179.0,New Line Cinema,Steelbook,UHD 4K,,,,,,,,,,,,,,,Title/edition identified from uploaded photos; technical fields pending close back-cover verification,Conversation image files (274 total),2026-07-18,Peter Jackson,179.0,New Line Cinema,95.0,Current reference value; scores may change,Needs back-cover confirmation,Unknown,Unknown,Unknown,Unknown,Unknown,The divided fellowship continues its struggle as war spreads across Middle-earth and new alliances form against a growing darkness.,https://en.wikipedia.org/wiki/The_Lord_of_the_Rings:_The_Two_Towers
MC-0058,"Lord of the Rings: The Two Towers, The",The Lord of the Rings: The Two Towers,2002.0,Peter Jackson,,201.0,New Line Cinema,Steelbook,UHD 4K,,,,,,,,,,,,,,,Title/edition identified from uploaded photos; technical fields pending close back-cover verification,Conversation image files (274 total),2026-07-18,Peter Jackson,201.0,New Line Cinema,94.0,Current reference value; scores may change,Needs back-cover confirmation,Unknown,Unknown,Unknown,Unknown,Unknown,The peoples of Middle-earth make their final stand while Frodo and Sam approach the end of their dangerous quest.,https://en.wikipedia.org/wiki/The_Lord_of_the_Rings:_The_Return_of_the_King
MC-0059,"Lost World: Jurassic Park, The",The Lost World: Jurassic Park,1997.0,Steven Spielberg,,129.0,Universal Pictures,,UHD 4K / Blu-ray,,Yes,No indication,Unknown,No indication,Yes,DTS:X / DTS-HD Master Audio,Yes,,,,,"Back cover confirms 4K HDR, UHD + Blu-ray and DTS:X.",Verified from uploaded back cover,Back cover photo image-1784417696730.jpg,2026-07-18,2026-07-18,Steven Spielberg,129.0,Universal Pictures,54.0,Current reference value; scores may change,Yes,No indication,Unknown,No indication,Yes,Yes,"A research team travels to a second island inhabited by free-roaming dinosaurs, where competing expeditions create a new crisis.",https://en.wikipedia.org/wiki/The_Lost_World:_Jurassic_Park
MC-0060,Mad Max: Fury Road,Mad Max: Fury Road,2015.0,George Miller,,120.0,Warner Bros.,,,,,,,,,,,,,,,,,Title/edition identified from uploaded photos; technical fields pending close back-cover verification,Conversation image files (274 total),2026-07-18,George Miller,120.0,Warner Bros.,97.0,Current reference value; scores may change,Needs back-cover confirmation,Unknown,Unknown,Unknown,Unknown,Unknown,A drifter joins a rebel warrior and a group of fugitives escaping a tyrant across a brutal post-apocalyptic wasteland.,https://en.wikipedia.org/wiki/Mad_Max:_Fury_Road
MC-0061,"Mask, The",The Mask,1994.0,Aisling Walsh,,116.0,Sony Pictures Classics,,,,,,,,,,,,,,,,,Title/edition identified from uploaded photos; technical fields pending close back-cover verification,Conversation image files (274 total),2026-07-18,Aisling Walsh,116.0,Sony Pictures Classics,89.0,Current reference value; scores may change,No/Not applicable,No/Not applicable,No/Not applicable,No/Not applicable,No/Not applicable,Unknown,A determined woman with a passion for painting builds an independent life and an unconventional relationship in rural Nova Scotia.,https://en.wikipedia.org/wiki/Maudie_(film)
MC-0062,"Matrix, The",The Matrix,1999.0,Chuck Russell,,101.0,New Line Cinema,,UHD 4K / Blu-ray,,,,,,,,,,,,,,,Title/edition identified from uploaded photos; technical fields pending close back-cover verification,Conversation image files (274 total),2026-07-18,Chuck Russell,101.0,New Line Cinema,81.0,Current reference value; scores may change,No/Not applicable,No/Not applicable,No/Not applicable,No/Not applicable,No/Not applicable,Unknown,A timid bank clerk discovers a magical mask that transforms him into a wildly confident and unpredictable alter ego.,https://en.wikipedia.org/wiki/The_Mask_(1994_film)
MC-0063,Maudie,Maudie,2016.0,Lana Wachowski; Lilly Wachowski,,136.0,Warner Bros.,,,,,,,,,,,,,,,,,Title/edition identified from uploaded photos; technical fields pending close back-cover verification,Conversation image files (274 total),2026-07-18,Lana Wachowski; Lilly Wachowski,136.0,Warner Bros.,83.0,Current reference value; scores may change,Needs back-cover confirmation,Unknown,Unknown,Unknown,Unknown,Unknown,A computer hacker learns that the world he knows is an artificial reality and joins a rebellion against the machines controlling humanity.,https://en.wikipedia.org/wiki/The_Matrix
MC-0064,"Minecraft Movie, A",A Minecraft Movie,2025.0,David Zucker,,85.0,Paramount Pictures,,,,,,,,,,,,,,,,,Title/edition identified from uploaded photos; technical fields pending close back-cover verification,Conversation image files (274 total),2026-07-18,David Zucker,85.0,Paramount Pictures,88.0,Current reference value; scores may change,No/Not applicable,No/Not applicable,No/Not applicable,No/Not applicable,No/Not applicable,Unknown,An earnest but spectacularly clumsy police detective uncovers a plot against the Queen while leaving chaos in his wake.,https://en.wikipedia.org/wiki/The_Naked_Gun:_From_the_Files_of_Police_Squad!
MC-0065,"Naked Gun, The",The Naked Gun,1988.0,Various,,,,,,,,,,,,,,,,,,,,Title/edition identified from uploaded photos; technical fields pending close back-cover verification,Conversation image files (274 total),2026-07-18,Various,,,,N/A – collection/series,No/Not applicable,No/Not applicable,No/Not applicable,No/Not applicable,No/Not applicable,Unknown,"A landmark documentary series showcasing the planet’s landscapes, wildlife, and ecosystems through large-scale nature photography.",https://en.wikipedia.org/w/index.php?search=Planet%2BEarth
MC-0066,Planet Earth,Planet Earth,2006.0,Various,,,,,,,,,,,,,,,,,,,,Title/edition identified from uploaded photos; technical fields pending close back-cover verification,Conversation image files (274 total),2026-07-18,Various,,,,N/A – collection/series,No,No,No,No,No,Yes,A deadpan police detective investigates absurd crimes in a rapid-fire parody of television procedurals and film noir.,https://en.wikipedia.org/w/index.php?search=Police%2BSquad%21%2BIn%2BColor%3A%2BThe%2BComplete%2BSeries
MC-0067,Police Squad! In Color: The Complete Series,Police Squad! In Color: The Complete Series,1982.0,Brenda Chapman; Steve Hickner; Simon Wells,,99.0,DreamWorks Pictures,Complete Series,Blu-ray,,,,,,,,,DTS-HD Master Audio 5.1,,,,,Six episodes.,Photo verified – packaging,Conversation image files (274 total),2026-07-18,Brenda Chapman; Steve Hickner; Simon Wells,99.0,DreamWorks Pictures,79.0,Current reference value; scores may change,Yes,No indication,No indication,No,No,Yes,Two brothers raised as Egyptian princes are divided when one discovers his true heritage and accepts a mission to free an enslaved people.,https://en.wikipedia.org/wiki/The_Prince_of_Egypt
MC-0068,"Prince of Egypt, The",The Prince of Egypt,1998.0,Mel Brooks,,88.0,Embassy Pictures,,UHD 4K / Blu-ray,,,,Yes,,,,,DTS-HD Master Audio,,,,,,Photo verified – packaging,Conversation image files (274 total),2026-07-18,Mel Brooks,88.0,Embassy Pictures,91.0,Current reference value; scores may change,No/Not applicable,No/Not applicable,No/Not applicable,No/Not applicable,No/Not applicable,Unknown,"A struggling Broadway producer and a nervous accountant plot to profit from a deliberately terrible musical, only for their scheme to go wrong.",https://en.wikipedia.org/wiki/The_Producers_(1967_film)
MC-0069,"Producers, The",The Producers,1968.0,Brad Bird,,111.0,Walt Disney Studios / Pixar,,,,,,,,,,,,,,,,,Title/edition identified from uploaded photos; technical fields pending close back-cover verification,Conversation image files (274 total),2026-07-18,Brad Bird,111.0,Walt Disney Studios / Pixar,96.0,Current reference value; scores may change,No/Not applicable,No/Not applicable,No/Not applicable,No/Not applicable,No/Not applicable,Unknown,A gifted rat who dreams of becoming a chef forms an unlikely partnership with a young kitchen worker in a celebrated Paris restaurant.,https://en.wikipedia.org/wiki/Ratatouille_(film)
MC-0070,Ratatouille,Ratatouille,2007.0,Steven Spielberg,,140.0,Warner Bros.,,,,,,,,,,,,,,,,,Title/edition identified from uploaded photos; technical fields pending close back-cover verification,Conversation image files (274 total),2026-07-18,Steven Spielberg,140.0,Warner Bros.,72.0,Current reference value; scores may change,Needs back-cover confirmation,Unknown,Unknown,Unknown,Unknown,Unknown,A teenager competes in a vast virtual-reality treasure hunt whose winner will gain control of the digital world and its creator’s fortune.,https://en.wikipedia.org/wiki/Ready_Player_One_(film)
MC-0071,Ready Player One,Ready Player One,2018.0,Quentin Tarantino,,99.0,Miramax / Lionsgate,,UHD 4K / Blu-ray,,,,,,,,,,,,,,,Title/edition identified from uploaded photos; technical fields pending close back-cover verification,Conversation image files (274 total),2026-07-18,Quentin Tarantino,99.0,Miramax / Lionsgate,90.0,Current reference value; scores may change,Yes,No indication,Yes,No,No,Yes,"After a jewellery robbery fails, the surviving criminals gather in a warehouse and suspect that one of them is an informant.",https://en.wikipedia.org/wiki/Reservoir_Dogs
MC-0072,Reservoir Dogs,Reservoir Dogs,1992.0,Gareth Edwards,,133.0,Walt Disney Studios,,UHD 4K / Blu-ray,,,,,,Yes,,,Dolby TrueHD 5.1,,,,,,Photo verified – packaging,Conversation image files (274 total),2026-07-18,Gareth Edwards,133.0,Walt Disney Studios,84.0,Current reference value; scores may change,No,No,No,No,No,Yes,A group of rebels undertakes a dangerous mission to steal the plans for the Empire’s planet-destroying superweapon.,https://en.wikipedia.org/wiki/Rogue_One
MC-0073,Rodgers & Hammerstein Collection,Rodgers & Hammerstein Collection,,Various,,,,,DVD,,No/Not applicable,No/Not applicable,No/Not applicable,No/Not applicable,No/Not applicable,Dolby Digital multichannel audio varies by included title,,,,,,New photo includes The Sound of Music DVD; retained under the existing Rodgers & Hammerstein collection record.,Verified from uploaded back cover,Back cover photo image-1784417734645.jpg,2026-07-18,2026-07-18,Various,,,,N/A – collection/series,No/Not applicable,No/Not applicable,No/Not applicable,No/Not applicable,No/Not applicable,Yes,"A collection of classic screen musicals built around memorable songs, romantic stories, and the influential collaborations of Rodgers and Hammerstein.",https://en.wikipedia.org/w/index.php?search=Rodgers%2B%26%2BHammerstein%2BCollection
MC-0074,Rogue One: A Star Wars Story,Rogue One: A Star Wars Story,2016.0,Steven Spielberg,,195.0,Universal Pictures,,Blu-ray / DVD / Digital,,,,,,,,,DTS-HD Master Audio 7.1,,,,Star Wars,Non-4K release.,Photo verified – packaging,Conversation image files (274 total),2026-07-18,Steven Spielberg,195.0,Universal Pictures,98.0,Current reference value; scores may change,Yes,No indication,No indication,No,No,Yes,A German industrialist gradually uses his factory and influence to protect Jewish workers during the Holocaust.,https://en.wikipedia.org/wiki/Schindler's_List
MC-0075,Schindler's List,Schindler's List,1993.0,David Fincher,,127.0,New Line Cinema,25th Anniversary Edition,UHD 4K / Blu-ray,,,,Yes,,,,,DTS-HD Master Audio,,,,,,Photo verified – packaging,Conversation image files (274 total),2026-07-18,David Fincher,127.0,New Line Cinema,84.0,Current reference value; scores may change,Unknown,Unknown,Unknown,Unknown,Unknown,Unknown,Two detectives investigate a serial killer who stages elaborate crimes around the seven deadly sins.,https://en.wikipedia.org/wiki/Seven_(1995_film)
MC-0076,Se7en,Se7en,1995.0,Edgar Wright,,99.0,Universal Pictures / Focus Features,Premium special 4K edition with slipcase,UHD 4K,,,,,,,,,,,,,,Technical specifications not visible on photographed package.,Photo verified – edition; specifications pending,Conversation image files (274 total),2026-07-18,Edgar Wright,99.0,Universal Pictures / Focus Features,92.0,Current reference value; scores may change,Yes,No indication,Yes,Yes,No,Yes,A directionless salesman tries to repair his relationships and protect his friends when a zombie outbreak overtakes London.,https://en.wikipedia.org/wiki/Shaun_of_the_Dead
MC-0077,Shaun of the Dead,Shaun of the Dead,2004.0,Frank Darabont,,142.0,Warner Bros.,,UHD 4K / Blu-ray,,,,,,Yes,Yes,,,,,,Three Flavours Cornetto,,Photo verified – packaging,Conversation image files (274 total),2026-07-18,Frank Darabont,142.0,Warner Bros.,89.0,Current reference value; scores may change,Yes,No indication,No indication,No,No,Yes,A banker sentenced to prison forms a lasting friendship with a fellow inmate while maintaining hope through years of confinement.,https://en.wikipedia.org/wiki/The_Shawshank_Redemption
MC-0078,"Shawshank Redemption, The",The Shawshank Redemption,1994.0,Jonathan Demme,,118.0,Orion Pictures / MGM,,UHD 4K / Blu-ray,,,,Yes,,,,,DTS-HD Master Audio 5.1,,,,,,Photo verified – packaging,Conversation image files (274 total),2026-07-18,Jonathan Demme,118.0,Orion Pictures / MGM,95.0,Current reference value; scores may change,No/Not applicable,No/Not applicable,No/Not applicable,No/Not applicable,No/Not applicable,Unknown,A young FBI trainee seeks insight from an imprisoned psychiatrist to help capture another serial killer.,https://en.wikipedia.org/wiki/The_Silence_of_the_Lambs_(film)
MC-0079,"Silence of the Lambs, The",The Silence of the Lambs,1991.0,David O. Russell,,122.0,The Weinstein Company,,,,,,,,,,,,,,,,,Title/edition identified from uploaded photos; technical fields pending close back-cover verification,Conversation image files (274 total),2026-07-18,David O. Russell,122.0,The Weinstein Company,92.0,Current reference value; scores may change,No/Not applicable,No/Not applicable,No/Not applicable,No/Not applicable,No/Not applicable,Unknown,"After leaving a psychiatric facility, a man trying to rebuild his life forms an unexpected connection with a candid young widow.",https://en.wikipedia.org/wiki/Silver_Linings_Playbook
MC-0080,Silver Linings Playbook,Silver Linings Playbook,2012.0,David Silverman,,87.0,20th Century Fox,,DVD,,No/Not applicable,No/Not applicable,No/Not applicable,No/Not applicable,No/Not applicable,Dolby Digital 5.1,,,,,,DVD back cover confirms widescreen DVD edition and Dolby Digital multichannel audio.,Verified from uploaded back cover,Back cover photo image-1784417734645.jpg,2026-07-18,2026-07-18,David Silverman,87.0,20th Century Fox,87.0,Current reference value; scores may change,No/Not applicable,No/Not applicable,No/Not applicable,No/Not applicable,No/Not applicable,Yes,"Homer’s latest mistake places Springfield under quarantine, forcing the Simpson family to confront both a public crisis and their own tensions.",https://en.wikipedia.org/wiki/The_Simpsons_Movie
MC-0081,"Simpsons Movie, The",The Simpsons Movie,2007.0,Ryan Coogler,,137.0,Warner Bros.,,,,,,,,,,,,,,,,,Title/edition identified from uploaded photos; technical fields pending close back-cover verification,Conversation image files (274 total),2026-07-18,Ryan Coogler,137.0,Warner Bros.,97.0,Current reference value; scores may change,Yes,No indication,Yes,Yes,No,Yes,"Twin brothers return to their hometown hoping to begin again, only to encounter a supernatural danger tied to the community’s past.",https://en.wikipedia.org/wiki/Sinners_(2025_film)
MC-0082,Sinners,Sinners,2025.0,Joe Pytka,,88.0,Warner Bros.,,UHD 4K / Blu-ray,,,,,,Yes,Yes,,,,,,,,Photo verified – packaging,Conversation image files (274 total),2026-07-18,Joe Pytka,88.0,Warner Bros.,44.0,Current reference value; scores may change,Needs back-cover confirmation,Unknown,Unknown,Unknown,Unknown,Unknown,A basketball superstar is recruited by animated characters to help them win a game against powerful alien opponents.,https://en.wikipedia.org/wiki/Space_Jam
MC-0083,Space Jam,Space Jam,1996.0,Jan de Bont,,116.0,20th Century Fox,,UHD 4K / Blu-ray,,,,,,,,,,,,,,,Title/edition identified from uploaded photos; technical fields pending close back-cover verification,Conversation image files (274 total),2026-07-18,Jan de Bont,116.0,20th Century Fox,95.0,Current reference value; scores may change,No/Not applicable,No/Not applicable,No/Not applicable,No/Not applicable,No/Not applicable,Unknown,A police officer must keep a city bus moving above a set speed after a bomber rigs it to explode if it slows down.,https://en.wikipedia.org/wiki/Speed_(1994_film)
MC-0084,Speed,Speed,1994.0,Rob Reiner,,89.0,Columbia Pictures,,,,,,,,,,,,,,,,,Title/edition identified from uploaded photos; technical fields pending close back-cover verification,Conversation image files (274 total),2026-07-18,Rob Reiner,89.0,Columbia Pictures,92.0,Current reference value; scores may change,Needs back-cover confirmation,Unknown,Unknown,Unknown,Unknown,Unknown,"Four boys set out to find the body of a missing child, confronting danger and learning difficult truths about friendship and growing up.",https://en.wikipedia.org/wiki/Stand_by_Me_(film)
MC-0085,Stand by Me,Stand by Me,1986.0,J.J. Abrams,,127.0,Paramount Pictures,,UHD 4K / Blu-ray,,,,,,,,,,,,,,,Title/edition identified from uploaded photos; technical fields pending close back-cover verification,Conversation image files (274 total),2026-07-18,J.J. Abrams,127.0,Paramount Pictures,94.0,Current reference value; scores may change,No/Not applicable,No/Not applicable,No/Not applicable,No/Not applicable,No/Not applicable,Unknown,A reckless young recruit and a disciplined Vulcan officer must learn to work together when a vengeful enemy threatens the Federation.,https://en.wikipedia.org/wiki/Star_Trek_(film)
MC-0086,Star Trek,Star Trek,2009.0,Various,,,,,,,,,,,,,,,,,,,,Title/edition identified from uploaded photos; technical fields pending close back-cover verification,Conversation image files (274 total),2026-07-18,Various,,,,N/A – collection/series,No/Not applicable,No/Not applicable,No/Not applicable,No/Not applicable,No/Not applicable,Unknown,"Across generations, heroes and villains struggle over the fate of the galaxy as the Skywalker family becomes central to the conflict between light and darkness.",https://en.wikipedia.org/w/index.php?search=Star%2BWars%3A%2BThe%2BComplete%2BSaga
MC-0087,Star Wars: The Complete Saga,Star Wars: The Complete Saga,,Steve Barron,,93.0,New Line Cinema,,,,,,,,,,,,,,,,,Title/edition identified from uploaded photos; technical fields pending close back-cover verification,Conversation image files (274 total),2026-07-18,Steve Barron,93.0,New Line Cinema,42.0,Current reference value; scores may change,No/Not applicable,No/Not applicable,No/Not applicable,No/Not applicable,No/Not applicable,Unknown,Four mutated turtle brothers emerge from the sewers to defend New York City from a criminal ninja organization.,https://en.wikipedia.org/wiki/Teenage_Mutant_Ninja_Turtles_(1990_film)
MC-0088,Teenage Mutant Ninja Turtles,Teenage Mutant Ninja Turtles,1990.0,Michael Pressman,,88.0,New Line Cinema,,,,,,,,,,,,,,,,,Title/edition identified from uploaded photos; technical fields pending close back-cover verification,Conversation image files (274 total),2026-07-18,Michael Pressman,88.0,New Line Cinema,35.0,Current reference value; scores may change,No/Not applicable,No/Not applicable,No/Not applicable,No/Not applicable,No/Not applicable,Unknown,The turtles investigate the mysterious substance that created them while facing new mutants and the return of an old enemy.,https://en.wikipedia.org/wiki/Teenage_Mutant_Ninja_Turtles_II:_The_Secret_of_the_Ooze
MC-0089,Teenage Mutant Ninja Turtles II: The Secret of the Ooze,Teenage Mutant Ninja Turtles II: The Secret of the Ooze,1991.0,Stuart Gillard,,96.0,New Line Cinema,,,,,,,,,,,,,,,,,Title/edition identified from uploaded photos; technical fields pending close back-cover verification,Conversation image files (274 total),2026-07-18,Stuart Gillard,96.0,New Line Cinema,19.0,Current reference value; scores may change,No/Not applicable,No/Not applicable,No/Not applicable,No/Not applicable,No/Not applicable,Unknown,"The turtles travel to feudal Japan, where they become involved in a rebellion and must find a way back to their own time.",https://en.wikipedia.org/wiki/Teenage_Mutant_Ninja_Turtles_III
MC-0090,Teenage Mutant Ninja Turtles III,Teenage Mutant Ninja Turtles III,1993.0,Jeff Rowe,,99.0,Paramount Pictures,,,,,,,,,,,,,,,,,Title/edition identified from uploaded photos; technical fields pending close back-cover verification,Conversation image files (274 total),2026-07-18,Jeff Rowe,99.0,Paramount Pictures,95.0,Current reference value; scores may change,Needs back-cover confirmation,Unknown,Unknown,Unknown,Unknown,Unknown,The turtle brothers try to win the acceptance of New York City by stopping a criminal plot led by another group of mutants.,https://en.wikipedia.org/wiki/Teenage_Mutant_Ninja_Turtles:_Mutant_Mayhem
MC-0091,Teenage Mutant Ninja Turtles: Mutant Mayhem,Teenage Mutant Ninja Turtles: Mutant Mayhem,2023.0,James Cameron,,137.0,TriStar Pictures / Lionsgate,,UHD 4K / Blu-ray,,,,,,,,,,,,,,,Title/edition identified from uploaded photos; technical fields pending close back-cover verification,Conversation image files (274 total),2026-07-18,James Cameron,137.0,TriStar Pictures / Lionsgate,91.0,Current reference value; scores may change,Needs back-cover confirmation,Unknown,Unknown,Unknown,Unknown,Unknown,A reprogrammed cyborg is sent back in time to protect a young boy from a more advanced machine.,https://en.wikipedia.org/wiki/Terminator_2:_Judgment_Day
MC-0092,Terminator 2: Judgment Day,Terminator 2: Judgment Day,1991.0,John Carpenter,,109.0,Universal Pictures,,UHD 4K / Blu-ray,,,,,,,,,,,,,,,Title/edition identified from uploaded photos; technical fields pending close back-cover verification,Conversation image files (274 total),2026-07-18,John Carpenter,109.0,Universal Pictures,85.0,Current reference value; scores may change,Needs back-cover confirmation,Unknown,Unknown,Unknown,Unknown,Unknown,Researchers at an isolated Antarctic station confront an alien organism capable of perfectly imitating other living beings.,https://en.wikipedia.org/wiki/The_Thing_(1982_film)
MC-0093,They Live,They Live,1988.0,John Carpenter,,94.0,Universal Pictures,,UHD 4K / Blu-ray,,,,,,,,,,,,,,,Title/edition identified from uploaded photos; technical fields pending close back-cover verification,Conversation image files (274 total),2026-07-18,John Carpenter,94.0,Universal Pictures,86.0,Current reference value; scores may change,Needs back-cover confirmation,Unknown,Unknown,Unknown,Unknown,Unknown,A drifter discovers sunglasses that reveal hidden messages and the true identity of the forces secretly controlling society.,https://en.wikipedia.org/wiki/They_Live
MC-0094,"Thing, The",The Thing,1982.0,Robert Mulligan,,129.0,Universal Pictures,,UHD 4K / Blu-ray,,,,,,,,,,,,,,,Title/edition identified from uploaded photos; technical fields pending close back-cover verification,Conversation image files (274 total),2026-07-18,Robert Mulligan,129.0,Universal Pictures,93.0,Current reference value; scores may change,No/Not applicable,No/Not applicable,No/Not applicable,No/Not applicable,No/Not applicable,Unknown,"A principled lawyer in Depression-era Alabama defends a Black man falsely accused of a serious crime, as seen through his daughter’s eyes.",https://en.wikipedia.org/wiki/To_Kill_a_Mockingbird_(film)
MC-0095,To Kill a Mockingbird,To Kill a Mockingbird,1962.0,Peter Segal,,97.0,Paramount Pictures,,,,,,,,,,,,,,,,,Title/edition identified from uploaded photos; technical fields pending close back-cover verification,Conversation image files (274 total),2026-07-18,Peter Segal,97.0,Paramount Pictures,39.0,Current reference value; scores may change,No/Not applicable,No/Not applicable,No/Not applicable,No/Not applicable,No/Not applicable,Unknown,An immature but good-hearted heir travels with a cynical employee to save his late father’s struggling auto-parts company.,https://en.wikipedia.org/wiki/Tommy_Boy
MC-0096,Tommy Boy,Tommy Boy,1995.0,Tony Scott,,110.0,Paramount Pictures,,,,,,,,,,,,,,,,,Title/edition identified from uploaded photos; technical fields pending close back-cover verification,Conversation image files (274 total),2026-07-18,Tony Scott,110.0,Paramount Pictures,58.0,Current reference value; scores may change,No/Not applicable,No/Not applicable,No/Not applicable,No/Not applicable,No/Not applicable,Unknown,"A talented naval aviator enters an elite fighter-pilot school where competition, romance, and personal loss test his confidence.",https://en.wikipedia.org/wiki/Top_Gun
MC-0097,Top Gun,Top Gun,1986.0,Joseph Kosinski,,131.0,Paramount Pictures,,,,,,,,,,,,,,,,,Title/edition identified from uploaded photos; technical fields pending close back-cover verification,Conversation image files (274 total),2026-07-18,Joseph Kosinski,131.0,Paramount Pictures,96.0,Current reference value; scores may change,No/Not applicable,No/Not applicable,No/Not applicable,No/Not applicable,No/Not applicable,Unknown,A veteran naval aviator trains a group of elite graduates for a dangerous mission while confronting unresolved parts of his past.,https://en.wikipedia.org/wiki/Top_Gun:_Maverick
MC-0098,Top Gun: Maverick,Top Gun: Maverick,2022.0,Ben Affleck,,125.0,Warner Bros.,,,,,,,,,,,,,,,,,Title/edition identified from uploaded photos; technical fields pending close back-cover verification,Conversation image files (274 total),2026-07-18,Ben Affleck,125.0,Warner Bros.,92.0,Current reference value; scores may change,Needs back-cover confirmation,Unknown,Unknown,Unknown,Unknown,Unknown,A Boston bank robber falls for a woman connected to one of his crimes while an FBI agent closes in on his crew.,https://en.wikipedia.org/wiki/The_Town_(2010_film)
MC-0099,"Town, The",The Town,2010.0,Steven Lisberger,,96.0,Walt Disney Studios,,UHD 4K / Blu-ray,,,,,,,,,,,,,,,Title/edition identified from uploaded photos; technical fields pending close back-cover verification,Conversation image files (274 total),2026-07-18,Steven Lisberger,96.0,Walt Disney Studios,72.0,Current reference value; scores may change,No/Not applicable,No/Not applicable,No/Not applicable,No/Not applicable,No/Not applicable,Unknown,A computer programmer is transported inside a digital world where he must help oppressed programs challenge a powerful controlling system.,https://en.wikipedia.org/wiki/Tron
MC-0100,Tron,Tron,1982.0,Joseph Kosinski,,125.0,Walt Disney Studios,,,,,,,,,,,,,,,,,Title/edition identified from uploaded photos; technical fields pending close back-cover verification,Conversation image files (274 total),2026-07-18,Joseph Kosinski,125.0,Walt Disney Studios,51.0,Current reference value; scores may change,No/Not applicable,No/Not applicable,No/Not applicable,No/Not applicable,No/Not applicable,Unknown,A young man enters a digital universe searching for his missing father and becomes caught in a conflict over the future of that world.,https://en.wikipedia.org/wiki/Tron:_Legacy
MC-0101,Tron: Legacy,Tron: Legacy,2010.0,Ben Stiller,,107.0,Paramount / DreamWorks,,,,,,,,,,,,,,,,,Title/edition identified from uploaded photos; technical fields pending close back-cover verification,Conversation image files (274 total),2026-07-18,Ben Stiller,107.0,Paramount / DreamWorks,82.0,Current reference value; scores may change,No/Not applicable,No/Not applicable,No/Not applicable,No/Not applicable,No/Not applicable,Unknown,A group of self-absorbed actors filming a war movie accidentally enters a real conflict and must rely on the skills they were pretending to have.,https://en.wikipedia.org/wiki/Tropic_Thunder
MC-0102,Tropic Thunder,Tropic Thunder,2008.0,James Cameron,,141.0,20th Century Fox,,,,,,,,,,,,,,,,,Title/edition identified from uploaded photos; technical fields pending close back-cover verification,Conversation image files (274 total),2026-07-18,James Cameron,141.0,20th Century Fox,70.0,Current reference value; scores may change,No/Not applicable,No/Not applicable,No/Not applicable,No/Not applicable,No/Not applicable,Unknown,A secret agent struggles to keep his dangerous career hidden from his family until his personal and professional lives collide.,https://en.wikipedia.org/wiki/True_Lies
MC-0103,True Lies,True Lies,1994.0,Jan de Bont,,113.0,Warner Bros. / Universal,,,,,,,,,,,,,,,,,Title/edition identified from uploaded photos; technical fields pending close back-cover verification,Conversation image files (274 total),2026-07-18,Jan de Bont,113.0,Warner Bros. / Universal,67.0,Current reference value; scores may change,Needs back-cover confirmation,Unknown,Unknown,Unknown,Unknown,Unknown,Two storm chasers and their team pursue a series of violent tornadoes while testing new scientific equipment and revisiting their complicated relationship.,https://en.wikipedia.org/wiki/Twister_(1996_film)
MC-0104,Twister,Twister,1996.0,Various,,,,,UHD 4K / Blu-ray,,,,,,,,,,,,,,,Title/edition identified from uploaded photos; technical fields pending close back-cover verification,Conversation image files (274 total),2026-07-18,Various,,,,N/A – collection/series,No/Not applicable,No/Not applicable,No/Not applicable,No/Not applicable,No/Not applicable,Unknown,A collection of foundational horror films featuring iconic creatures and tragic figures from Universal’s classic monster cycle.,https://en.wikipedia.org/w/index.php?search=Universal%2BClassic%2BMonsters%2BCollection
MC-0105,Universal Classic Monsters Collection,Universal Classic Monsters Collection,,Pete Docter,,96.0,Walt Disney Studios / Pixar,,,,,,,,,,,,,,,,,Title/edition identified from uploaded photos; technical fields pending close back-cover verification,Conversation image files (274 total),2026-07-18,Pete Docter,96.0,Walt Disney Studios / Pixar,98.0,Current reference value; scores may change,No/Not applicable,No/Not applicable,No/Not applicable,No/Not applicable,No/Not applicable,Unknown,"An elderly widower lifts his house with balloons to pursue a lifelong dream, only to discover an unexpected young stowaway.",https://en.wikipedia.org/wiki/Up_(2009_film)
MC-0106,Up,Up,2009.0,Bryan Singer,,106.0,Gramercy Pictures / MGM,,,,,,,,,,,,,,,,,Title/edition identified from uploaded photos; technical fields pending close back-cover verification,Conversation image files (274 total),2026-07-18,Bryan Singer,106.0,Gramercy Pictures / MGM,88.0,Current reference value; scores may change,No/Not applicable,No/Not applicable,No/Not applicable,No/Not applicable,No/Not applicable,Unknown,A survivor of a deadly criminal scheme recounts how a group of suspects became entangled with a feared underworld figure.,https://en.wikipedia.org/wiki/The_Usual_Suspects
MC-0107,"Usual Suspects, The",The Usual Suspects,1995.0,James McTeigue,,132.0,Warner Bros.,,,,,,,,,,,,,,,,,Title/edition identified from uploaded photos; technical fields pending close back-cover verification,Conversation image files (274 total),2026-07-18,James McTeigue,132.0,Warner Bros.,73.0,Current reference value; scores may change,Needs back-cover confirmation,Unknown,Unknown,Unknown,Unknown,Unknown,"In a totalitarian future Britain, a masked revolutionary draws a young woman into his campaign against the government.",https://en.wikipedia.org/wiki/V_for_Vendetta_(film)
MC-0108,V for Vendetta,V for Vendetta,2005.0,Robert Zemeckis,,104.0,Buena Vista Pictures,Steelbook,DVD,,No/Not applicable,No/Not applicable,No/Not applicable,No/Not applicable,No/Not applicable,Dolby Digital 5.1,,,,,,Vista Series DVD edition photographed; back cover confirms DVD technical and bonus-feature information.,Verified from uploaded back cover,Back cover photo image-1784417734645.jpg,2026-07-18,2026-07-18,Robert Zemeckis,104.0,Buena Vista Pictures,96.0,Current reference value; scores may change,No/Not applicable,No/Not applicable,No/Not applicable,No/Not applicable,No/Not applicable,Yes,A private detective who dislikes cartoons must clear an animated star accused of murder in a city where humans and toons coexist.,https://en.wikipedia.org/wiki/Who_Framed_Roger_Rabbit
MC-0109,Who Framed Roger Rabbit,Who Framed Roger Rabbit,1988.0,Chris Sanders,,102.0,Universal Pictures / DreamWorks Animation,,,,,,,,,,,,,,,,,Title/edition identified from uploaded photos; technical fields pending close back-cover verification,Conversation image files (274 total),2026-07-18,Chris Sanders,102.0,Universal Pictures / DreamWorks Animation,97.0,Current reference value; scores may change,Needs back-cover confirmation,Unknown,Unknown,Unknown,Unknown,Unknown,A service robot stranded on a remote island learns to survive among wildlife and forms an unexpected bond with an orphaned gosling.,https://en.wikipedia.org/wiki/The_Wild_Robot_(film)
MC-0110,Wicked,Wicked,2024.0,Jon M. Chu,,160.0,Universal Pictures,,UHD 4K / Blu-ray,,,,,,,,,,,,,,,Title/edition identified from uploaded photos; technical fields pending close back-cover verification,Conversation image files (274 total),2026-07-18,Jon M. Chu,160.0,Universal Pictures,88.0,Current reference value; scores may change,Needs back-cover confirmation,Unknown,Unknown,Unknown,Unknown,Unknown,A misunderstood young woman with unusual powers forms a complicated friendship at school before their choices lead them toward very different destinies.,https://en.wikipedia.org/wiki/Wicked_(2024_film)
MC-0111,"Wild Robot, The",The Wild Robot,2024.0,Martin Scorsese,,180.0,Paramount Pictures,,UHD 4K / Blu-ray,,,,,,,,,,,,,,,Title/edition identified from uploaded photos; technical fields pending close back-cover verification,Conversation image files (274 total),2026-07-18,Martin Scorsese,180.0,Paramount Pictures,80.0,Current reference value; scores may change,No/Not applicable,No/Not applicable,No/Not applicable,No/Not applicable,No/Not applicable,Unknown,An ambitious stockbroker rises through a culture of excess and corruption while federal investigators begin closing in.,https://en.wikipedia.org/wiki/The_Wolf_of_Wall_Street_(2013_film)
MC-0112,"Wolf of Wall Street, The",The Wolf of Wall Street,2013.0,,,,,,,,,,,,,,,,,,,,,Title/edition identified from uploaded photos; technical fields pending close back-cover verification,Conversation image files (274 total),2026-07-18,,,,,,,,,,,,,
